Date,Anomaly
1850-01-01,-0.38
1850-02-01,-0.14
1850-03-01,-0.24
1850-04-01,-0.20
1850-05-01,-0.20
1850-06-01,-0.11
1850-07-01,-0.10
1850-08-01,-0.12
1850-09-01,-0.20
1850-10-01,-0.12
1850-11-01,-0.16
1850-12-01,-0.07
1851-01-01,-0.13
1851-02-01,-0.08
1851-03-01,-0.25
1851-04-01,-0.17
1851-05-01,-0.09
1851-06-01,-0.16
1851-07-01,-0.05
1851-08-01,-0.02
1851-09-01,0.00
1851-10-01,-0.04
1851-11-01,-0.05
1851-12-01,-0.03
1852-01-01,-0.16
1852-02-01,-0.09
1852-03-01,-0.26
1852-04-01,-0.37
1852-05-01,0.00
1852-06-01,-0.08
1852-07-01,-0.05
1852-08-01,0.05
1852-09-01,-0.03
1852-10-01,-0.07
1852-11-01,-0.05
1852-12-01,-0.09
1853-01-01,-0.02
1853-02-01,-0.15
1853-03-01,-0.15
1853-04-01,-0.18
1853-05-01,-0.13
1853-06-01,-0.07
1853-07-01,-0.03
1853-08-01,-0.03
1853-09-01,-0.12
1853-10-01,-0.16
1853-11-01,-0.14
1853-12-01,-0.22
1854-01-01,-0.24
1854-02-01,-0.18
1854-03-01,-0.05
1854-04-01,-0.22
1854-05-01,-0.08
1854-06-01,-0.07
1854-07-01,-0.12
1854-08-01,-0.14
1854-09-01,-0.07
1854-10-01,-0.03
1854-11-01,-0.14
1854-12-01,0.01
1855-01-01,0.00
1855-02-01,-0.11
1855-03-01,-0.16
1855-04-01,-0.10
1855-05-01,-0.13
1855-06-01,-0.21
1855-07-01,-0.13
1855-08-01,-0.15
1855-09-01,-0.19
1855-10-01,-0.04
1855-11-01,0.03
1855-12-01,-0.20
1856-01-01,-0.09
1856-02-01,-0.07
1856-03-01,-0.28
1856-04-01,-0.17
1856-05-01,-0.12
1856-06-01,-0.14
1856-07-01,-0.34
1856-08-01,-0.31
1856-09-01,-0.18
1856-10-01,-0.45
1856-11-01,-0.47
1856-12-01,-0.37
1857-01-01,-0.30
1857-02-01,-0.34
1857-03-01,-0.32
1857-04-01,-0.37
1857-05-01,-0.35
1857-06-01,-0.30
1857-07-01,-0.24
1857-08-01,-0.18
1857-09-01,-0.21
1857-10-01,-0.26
1857-11-01,-0.29
1857-12-01,-0.16
1858-01-01,-0.17
1858-02-01,-0.31
1858-03-01,-0.20
1858-04-01,-0.20
1858-05-01,-0.22
1858-06-01,-0.20
1858-07-01,-0.20
1858-08-01,-0.23
1858-09-01,-0.21
1858-10-01,-0.22
1858-11-01,-0.19
1858-12-01,-0.20
1859-01-01,-0.11
1859-02-01,0.01
1859-03-01,-0.04
1859-04-01,-0.08
1859-05-01,-0.09
1859-06-01,-0.12
1859-07-01,-0.11
1859-08-01,-0.15
1859-09-01,-0.13
1859-10-01,-0.13
1859-11-01,-0.08
1859-12-01,-0.04
1860-01-01,-0.14
1860-02-01,-0.12
1860-03-01,-0.20
1860-04-01,-0.19
1860-05-01,-0.16
1860-06-01,-0.20
1860-07-01,-0.27
1860-08-01,-0.26
1860-09-01,-0.23
1860-10-01,-0.23
1860-11-01,-0.34
1860-12-01,-0.48
1861-01-01,-0.47
1861-02-01,-0.32
1861-03-01,-0.28
1861-04-01,-0.29
1861-05-01,-0.24
1861-06-01,-0.29
1861-07-01,-0.19
1861-08-01,-0.11
1861-09-01,-0.11
1861-10-01,-0.24
1861-11-01,-0.26
1861-12-01,-0.25
1862-01-01,-0.41
1862-02-01,-0.36
1862-03-01,-0.27
1862-04-01,-0.29
1862-05-01,-0.35
1862-06-01,-0.33
1862-07-01,-0.30
1862-08-01,-0.31
1862-09-01,-0.24
1862-10-01,-0.28
1862-11-01,-0.20
1862-12-01,-0.29
1863-01-01,-0.05
1863-02-01,-0.08
1863-03-01,-0.13
1863-04-01,-0.15
1863-05-01,-0.12
1863-06-01,-0.24
1863-07-01,-0.23
1863-08-01,-0.14
1863-09-01,-0.21
1863-10-01,-0.22
1863-11-01,-0.19
1863-12-01,-0.08
1864-01-01,-0.35
1864-02-01,-0.20
1864-03-01,-0.18
1864-04-01,-0.20
1864-05-01,-0.13
1864-06-01,-0.09
1864-07-01,-0.15
1864-08-01,-0.17
1864-09-01,-0.24
1864-10-01,-0.27
1864-11-01,-0.19
1864-12-01,-0.11
1865-01-01,-0.05
1865-02-01,-0.25
1865-03-01,-0.17
1865-04-01,-0.15
1865-05-01,-0.16
1865-06-01,-0.13
1865-07-01,-0.07
1865-08-01,-0.08
1865-09-01,-0.09
1865-10-01,-0.15
1865-11-01,-0.10
1865-12-01,-0.11
1866-01-01,0.09
1866-02-01,-0.05
1866-03-01,-0.06
1866-04-01,-0.16
1866-05-01,-0.18
1866-06-01,-0.10
1866-07-01,-0.06
1866-08-01,-0.17
1866-09-01,-0.19
1866-10-01,-0.18
1866-11-01,-0.05
1866-12-01,-0.09
1867-01-01,-0.21
1867-02-01,-0.08
1867-03-01,-0.20
1867-04-01,-0.18
1867-05-01,-0.26
1867-06-01,-0.18
1867-07-01,-0.22
1867-08-01,-0.12
1867-09-01,-0.03
1867-10-01,-0.12
1867-11-01,-0.15
1867-12-01,-0.33
1868-01-01,-0.42
1868-02-01,-0.23
1868-03-01,-0.09
1868-04-01,-0.10
1868-05-01,0.00
1868-06-01,-0.03
1868-07-01,-0.11
1868-08-01,-0.11
1868-09-01,-0.18
1868-10-01,-0.14
1868-11-01,-0.14
1868-12-01,-0.09
1869-01-01,-0.14
1869-02-01,0.02
1869-03-01,-0.15
1869-04-01,-0.10
1869-05-01,-0.11
1869-06-01,-0.09
1869-07-01,-0.14
1869-08-01,-0.18
1869-09-01,-0.16
1869-10-01,-0.24
1869-11-01,0.00
1869-12-01,-0.07
1870-01-01,-0.05
1870-02-01,-0.15
1870-03-01,-0.04
1870-04-01,-0.11
1870-05-01,-0.11
1870-06-01,-0.16
1870-07-01,-0.11
1870-08-01,-0.16
1870-09-01,-0.20
1870-10-01,-0.31
1870-11-01,-0.23
1870-12-01,-0.36
1871-01-01,-0.27
1871-02-01,-0.32
1871-03-01,0.00
1871-04-01,0.00
1871-05-01,-0.12
1871-06-01,-0.12
1871-07-01,-0.08
1871-08-01,-0.14
1871-09-01,-0.23
1871-10-01,-0.25
1871-11-01,-0.23
1871-12-01,-0.23
1872-01-01,-0.18
1872-02-01,-0.18
1872-03-01,-0.20
1872-04-01,-0.20
1872-05-01,-0.17
1872-06-01,-0.16
1872-07-01,-0.12
1872-08-01,-0.09
1872-09-01,-0.18
1872-10-01,-0.13
1872-11-01,-0.16
1872-12-01,-0.28
1873-01-01,-0.11
1873-02-01,-0.18
1873-03-01,-0.26
1873-04-01,-0.43
1873-05-01,-0.29
1873-06-01,-0.13
1873-07-01,-0.12
1873-08-01,-0.09
1873-09-01,-0.19
1873-10-01,-0.16
1873-11-01,-0.18
1873-12-01,-0.12
1874-01-01,-0.05
1874-02-01,-0.17
1874-03-01,-0.29
1874-04-01,-0.28
1874-05-01,-0.30
1874-06-01,-0.26
1874-07-01,-0.15
1874-08-01,-0.13
1874-09-01,-0.15
1874-10-01,-0.20
1874-11-01,-0.25
1874-12-01,-0.25
1875-01-01,-0.40
1875-02-01,-0.21
1875-03-01,-0.21
1875-04-01,-0.22
1875-05-01,-0.10
1875-06-01,-0.08
1875-07-01,-0.10
1875-08-01,-0.09
1875-09-01,-0.17
1875-10-01,-0.15
1875-11-01,-0.34
1875-12-01,-0.31
1876-01-01,-0.26
1876-02-01,-0.23
1876-03-01,-0.16
1876-04-01,-0.28
1876-05-01,-0.35
1876-06-01,-0.19
1876-07-01,-0.16
1876-08-01,-0.15
1876-09-01,-0.19
1876-10-01,-0.16
1876-11-01,-0.26
1876-12-01,-0.22
1877-01-01,-0.14
1877-02-01,-0.01
1877-03-01,0.04
1877-04-01,-0.09
1877-05-01,-0.04
1877-06-01,0.06
1877-07-01,0.12
1877-08-01,0.11
1877-09-01,0.14
1877-10-01,0.12
1877-11-01,0.19
1877-12-01,0.10
1878-01-01,0.10
1878-02-01,0.24
1878-03-01,0.26
1878-04-01,0.07
1878-05-01,0.04
1878-06-01,0.10
1878-07-01,0.05
1878-08-01,0.03
1878-09-01,0.01
1878-10-01,-0.05
1878-11-01,-0.09
1878-12-01,-0.08
1879-01-01,-0.07
1879-02-01,-0.03
1879-03-01,-0.03
1879-04-01,-0.07
1879-05-01,-0.06
1879-06-01,-0.12
1879-07-01,-0.08
1879-08-01,-0.17
1879-09-01,-0.14
1879-10-01,-0.08
1879-11-01,-0.22
1879-12-01,-0.31
1880-01-01,-0.17
1880-02-01,-0.18
1880-03-01,-0.11
1880-04-01,-0.15
1880-05-01,-0.07
1880-06-01,-0.20
1880-07-01,-0.22
1880-08-01,-0.13
1880-09-01,-0.17
1880-10-01,-0.31
1880-11-01,-0.18
1880-12-01,-0.16
1881-01-01,-0.15
1881-02-01,-0.17
1881-03-01,-0.08
1881-04-01,-0.02
1881-05-01,-0.01
1881-06-01,-0.20
1881-07-01,-0.09
1881-08-01,-0.06
1881-09-01,-0.18
1881-10-01,-0.25
1881-11-01,-0.26
1881-12-01,-0.09
1882-01-01,0.15
1882-02-01,0.05
1882-03-01,-0.03
1882-04-01,-0.19
1882-05-01,-0.20
1882-06-01,-0.22
1882-07-01,-0.17
1882-08-01,-0.07
1882-09-01,-0.11
1882-10-01,-0.28
1882-11-01,-0.22
1882-12-01,-0.25
1883-01-01,-0.33
1883-02-01,-0.35
1883-03-01,-0.18
1883-04-01,-0.18
1883-05-01,-0.17
1883-06-01,-0.16
1883-07-01,-0.12
1883-08-01,-0.16
1883-09-01,-0.28
1883-10-01,-0.24
1883-11-01,-0.28
1883-12-01,-0.23
1884-01-01,-0.17
1884-02-01,-0.21
1884-03-01,-0.30
1884-04-01,-0.36
1884-05-01,-0.32
1884-06-01,-0.33
1884-07-01,-0.37
1884-08-01,-0.32
1884-09-01,-0.31
1884-10-01,-0.30
1884-11-01,-0.41
1884-12-01,-0.34
1885-01-01,-0.58
1885-02-01,-0.37
1885-03-01,-0.26
1885-04-01,-0.37
1885-05-01,-0.40
1885-06-01,-0.36
1885-07-01,-0.37
1885-08-01,-0.31
1885-09-01,-0.27
1885-10-01,-0.27
1885-11-01,-0.24
1885-12-01,-0.08
1886-01-01,-0.30
1886-02-01,-0.31
1886-03-01,-0.27
1886-04-01,-0.21
1886-05-01,-0.21
1886-06-01,-0.27
1886-07-01,-0.21
1886-08-01,-0.29
1886-09-01,-0.27
1886-10-01,-0.21
1886-11-01,-0.25
1886-12-01,-0.26
1887-01-01,-0.54
1887-02-01,-0.41
1887-03-01,-0.27
1887-04-01,-0.28
1887-05-01,-0.26
1887-06-01,-0.27
1887-07-01,-0.28
1887-08-01,-0.34
1887-09-01,-0.18
1887-10-01,-0.34
1887-11-01,-0.26
1887-12-01,-0.27
1888-01-01,-0.29
1888-02-01,-0.33
1888-03-01,-0.33
1888-04-01,-0.20
1888-05-01,-0.16
1888-06-01,-0.11
1888-07-01,-0.12
1888-08-01,-0.19
1888-09-01,-0.15
1888-10-01,-0.05
1888-11-01,-0.07
1888-12-01,-0.06
1889-01-01,-0.04
1889-02-01,0.10
1889-03-01,0.05
1889-04-01,0.04
1889-05-01,0.02
1889-06-01,-0.03
1889-07-01,-0.07
1889-08-01,-0.12
1889-09-01,-0.18
1889-10-01,-0.24
1889-11-01,-0.29
1889-12-01,-0.20
1890-01-01,-0.36
1890-02-01,-0.27
1890-03-01,-0.23
1890-04-01,-0.21
1890-05-01,-0.26
1890-06-01,-0.20
1890-07-01,-0.24
1890-08-01,-0.33
1890-09-01,-0.27
1890-10-01,-0.30
1890-11-01,-0.44
1890-12-01,-0.23
1891-01-01,-0.28
1891-02-01,-0.34
1891-03-01,-0.21
1891-04-01,-0.21
1891-05-01,-0.11
1891-06-01,-0.13
1891-07-01,-0.12
1891-08-01,-0.15
1891-09-01,-0.11
1891-10-01,-0.23
1891-11-01,-0.31
1891-12-01,-0.06
1892-01-01,-0.21
1892-02-01,-0.14
1892-03-01,-0.27
1892-04-01,-0.22
1892-05-01,-0.17
1892-06-01,-0.20
1892-07-01,-0.30
1892-08-01,-0.28
1892-09-01,-0.17
1892-10-01,-0.23
1892-11-01,-0.37
1892-12-01,-0.48
1893-01-01,-0.67
1893-02-01,-0.57
1893-03-01,-0.28
1893-04-01,-0.24
1893-05-01,-0.31
1893-06-01,-0.20
1893-07-01,-0.20
1893-08-01,-0.28
1893-09-01,-0.28
1893-10-01,-0.25
1893-11-01,-0.24
1893-12-01,-0.28
1894-01-01,-0.35
1894-02-01,-0.15
1894-03-01,-0.16
1894-04-01,-0.31
1894-05-01,-0.20
1894-06-01,-0.28
1894-07-01,-0.19
1894-08-01,-0.21
1894-09-01,-0.23
1894-10-01,-0.27
1894-11-01,-0.25
1894-12-01,-0.18
1895-01-01,-0.34
1895-02-01,-0.36
1895-03-01,-0.31
1895-04-01,-0.19
1895-05-01,-0.18
1895-06-01,-0.18
1895-07-01,-0.14
1895-08-01,-0.14
1895-09-01,-0.09
1895-10-01,-0.12
1895-11-01,-0.15
1895-12-01,-0.08
1896-01-01,-0.17
1896-02-01,-0.05
1896-03-01,-0.16
1896-04-01,-0.13
1896-05-01,-0.07
1896-06-01,-0.07
1896-07-01,-0.01
1896-08-01,-0.04
1896-09-01,-0.02
1896-10-01,0.04
1896-11-01,-0.07
1896-12-01,0.01
1897-01-01,-0.06
1897-02-01,-0.11
1897-03-01,-0.14
1897-04-01,0.08
1897-05-01,0.10
1897-06-01,-0.10
1897-07-01,-0.05
1897-08-01,-0.06
1897-09-01,-0.04
1897-10-01,-0.10
1897-11-01,-0.19
1897-12-01,-0.20
1898-01-01,0.00
1898-02-01,-0.22
1898-03-01,-0.47
1898-04-01,-0.26
1898-05-01,-0.20
1898-06-01,-0.15
1898-07-01,-0.17
1898-08-01,-0.21
1898-09-01,-0.22
1898-10-01,-0.36
1898-11-01,-0.33
1898-12-01,-0.15
1899-01-01,-0.23
1899-02-01,-0.30
1899-03-01,-0.30
1899-04-01,-0.21
1899-05-01,-0.18
1899-06-01,-0.22
1899-07-01,-0.10
1899-08-01,-0.03
1899-09-01,-0.02
1899-10-01,-0.07
1899-11-01,0.00
1899-12-01,-0.26
1900-01-01,-0.30
1900-02-01,-0.17
1900-03-01,-0.03
1900-04-01,-0.04
1900-05-01,-0.06
1900-06-01,-0.08
1900-07-01,-0.11
1900-08-01,-0.07
1900-09-01,-0.05
1900-10-01,0.05
1900-11-01,-0.08
1900-12-01,-0.06
1901-01-01,-0.13
1901-02-01,-0.08
1901-03-01,0.03
1901-04-01,0.00
1901-05-01,-0.09
1901-06-01,-0.08
1901-07-01,-0.08
1901-08-01,-0.14
1901-09-01,-0.18
1901-10-01,-0.28
1901-11-01,-0.21
1901-12-01,-0.37
1902-01-01,-0.16
1902-02-01,-0.04
1902-03-01,-0.26
1902-04-01,-0.27
1902-05-01,-0.26
1902-06-01,-0.25
1902-07-01,-0.23
1902-08-01,-0.23
1902-09-01,-0.22
1902-10-01,-0.27
1902-11-01,-0.31
1902-12-01,-0.27
1903-01-01,-0.15
1903-02-01,-0.03
1903-03-01,-0.17
1903-04-01,-0.30
1903-05-01,-0.33
1903-06-01,-0.30
1903-07-01,-0.32
1903-08-01,-0.40
1903-09-01,-0.42
1903-10-01,-0.48
1903-11-01,-0.46
1903-12-01,-0.46
1904-01-01,-0.49
1904-02-01,-0.53
1904-03-01,-0.54
1904-04-01,-0.47
1904-05-01,-0.45
1904-06-01,-0.40
1904-07-01,-0.44
1904-08-01,-0.42
1904-09-01,-0.49
1904-10-01,-0.36
1904-11-01,-0.26
1904-12-01,-0.35
1905-01-01,-0.26
1905-02-01,-0.45
1905-03-01,-0.36
1905-04-01,-0.42
1905-05-01,-0.24
1905-06-01,-0.20
1905-07-01,-0.18
1905-08-01,-0.22
1905-09-01,-0.21
1905-10-01,-0.22
1905-11-01,-0.09
1905-12-01,-0.09
1906-01-01,-0.21
1906-02-01,-0.21
1906-03-01,-0.19
1906-04-01,-0.09
1906-05-01,-0.21
1906-06-01,-0.16
1906-07-01,-0.21
1906-08-01,-0.21
1906-09-01,-0.26
1906-10-01,-0.21
1906-11-01,-0.35
1906-12-01,-0.19
1907-01-01,-0.36
1907-02-01,-0.40
1907-03-01,-0.25
1907-04-01,-0.30
1907-05-01,-0.39
1907-06-01,-0.32
1907-07-01,-0.35
1907-08-01,-0.31
1907-09-01,-0.32
1907-10-01,-0.26
1907-11-01,-0.38
1907-12-01,-0.42
1908-01-01,-0.37
1908-02-01,-0.31
1908-03-01,-0.51
1908-04-01,-0.41
1908-05-01,-0.34
1908-06-01,-0.31
1908-07-01,-0.35
1908-08-01,-0.42
1908-09-01,-0.36
1908-10-01,-0.44
1908-11-01,-0.54
1908-12-01,-0.45
1909-01-01,-0.50
1909-02-01,-0.38
1909-03-01,-0.52
1909-04-01,-0.59
1909-05-01,-0.48
1909-06-01,-0.46
1909-07-01,-0.40
1909-08-01,-0.33
1909-09-01,-0.36
1909-10-01,-0.39
1909-11-01,-0.38
1909-12-01,-0.43
1910-01-01,-0.30
1910-02-01,-0.35
1910-03-01,-0.52
1910-04-01,-0.37
1910-05-01,-0.31
1910-06-01,-0.32
1910-07-01,-0.30
1910-08-01,-0.37
1910-09-01,-0.38
1910-10-01,-0.44
1910-11-01,-0.51
1910-12-01,-0.61
1911-01-01,-0.54
1911-02-01,-0.55
1911-03-01,-0.58
1911-04-01,-0.51
1911-05-01,-0.46
1911-06-01,-0.45
1911-07-01,-0.41
1911-08-01,-0.44
1911-09-01,-0.39
1911-10-01,-0.32
1911-11-01,-0.16
1911-12-01,-0.13
1912-01-01,-0.24
1912-02-01,-0.18
1912-03-01,-0.32
1912-04-01,-0.19
1912-05-01,-0.18
1912-06-01,-0.18
1912-07-01,-0.38
1912-08-01,-0.43
1912-09-01,-0.52
1912-10-01,-0.54
1912-11-01,-0.38
1912-12-01,-0.45
1913-01-01,-0.34
1913-02-01,-0.41
1913-03-01,-0.39
1913-04-01,-0.34
1913-05-01,-0.40
1913-06-01,-0.40
1913-07-01,-0.33
1913-08-01,-0.31
1913-09-01,-0.34
1913-10-01,-0.33
1913-11-01,-0.25
1913-12-01,-0.07
1914-01-01,0.05
1914-02-01,-0.06
1914-03-01,-0.18
1914-04-01,-0.29
1914-05-01,-0.19
1914-06-01,-0.22
1914-07-01,-0.24
1914-08-01,-0.18
1914-09-01,-0.18
1914-10-01,-0.11
1914-11-01,-0.12
1914-12-01,0.00
1915-01-01,-0.17
1915-02-01,-0.01
1915-03-01,-0.05
1915-04-01,0.08
1915-05-01,0.00
1915-06-01,-0.11
1915-07-01,-0.06
1915-08-01,-0.11
1915-09-01,-0.19
1915-10-01,-0.21
1915-11-01,-0.13
1915-12-01,-0.24
1916-01-01,-0.21
1916-02-01,-0.16
1916-03-01,-0.26
1916-04-01,-0.24
1916-05-01,-0.26
1916-06-01,-0.36
1916-07-01,-0.31
1916-08-01,-0.27
1916-09-01,-0.28
1916-10-01,-0.30
1916-11-01,-0.41
1916-12-01,-0.70
1917-01-01,-0.61
1917-02-01,-0.64
1917-03-01,-0.64
1917-04-01,-0.52
1917-05-01,-0.53
1917-06-01,-0.41
1917-07-01,-0.26
1917-08-01,-0.22
1917-09-01,-0.21
1917-10-01,-0.38
1917-11-01,-0.33
1917-12-01,-0.48
1918-01-01,-0.45
1918-02-01,-0.39
1918-03-01,-0.28
1918-04-01,-0.41
1918-05-01,-0.40
1918-06-01,-0.34
1918-07-01,-0.28
1918-08-01,-0.29
1918-09-01,-0.16
1918-10-01,-0.11
1918-11-01,-0.08
1918-12-01,-0.26
1919-01-01,-0.15
1919-02-01,-0.19
1919-03-01,-0.19
1919-04-01,-0.08
1919-05-01,-0.22
1919-06-01,-0.30
1919-07-01,-0.27
1919-08-01,-0.32
1919-09-01,-0.24
1919-10-01,-0.20
1919-11-01,-0.35
1919-12-01,-0.39
1920-01-01,-0.26
1920-02-01,-0.30
1920-03-01,-0.11
1920-04-01,-0.23
1920-05-01,-0.25
1920-06-01,-0.28
1920-07-01,-0.27
1920-08-01,-0.24
1920-09-01,-0.18
1920-10-01,-0.26
1920-11-01,-0.24
1920-12-01,-0.42
1921-01-01,-0.10
1921-02-01,-0.19
1921-03-01,-0.23
1921-04-01,-0.26
1921-05-01,-0.21
1921-06-01,-0.23
1921-07-01,-0.13
1921-08-01,-0.19
1921-09-01,-0.18
1921-10-01,-0.08
1921-11-01,-0.15
1921-12-01,-0.15
1922-01-01,-0.30
1922-02-01,-0.40
1922-03-01,-0.11
1922-04-01,-0.20
1922-05-01,-0.27
1922-06-01,-0.24
1922-07-01,-0.26
1922-08-01,-0.27
1922-09-01,-0.30
1922-10-01,-0.29
1922-11-01,-0.16
1922-12-01,-0.21
1923-01-01,-0.26
1923-02-01,-0.39
1923-03-01,-0.33
1923-04-01,-0.35
1923-05-01,-0.27
1923-06-01,-0.21
1923-07-01,-0.29
1923-08-01,-0.32
1923-09-01,-0.26
1923-10-01,-0.19
1923-11-01,-0.05
1923-12-01,0.00
1924-01-01,-0.18
1924-02-01,-0.18
1924-03-01,-0.07
1924-04-01,-0.22
1924-05-01,-0.11
1924-06-01,-0.23
1924-07-01,-0.22
1924-08-01,-0.30
1924-09-01,-0.29
1924-10-01,-0.32
1924-11-01,-0.22
1924-12-01,-0.37
1925-01-01,-0.37
1925-02-01,-0.40
1925-03-01,-0.27
1925-04-01,-0.25
1925-05-01,-0.24
1925-06-01,-0.28
1925-07-01,-0.24
1925-08-01,-0.17
1925-09-01,-0.13
1925-10-01,-0.17
1925-11-01,0.02
1925-12-01,0.08
1926-01-01,0.12
1926-02-01,0.00
1926-03-01,0.09
1926-04-01,-0.11
1926-05-01,-0.17
1926-06-01,-0.16
1926-07-01,-0.22
1926-08-01,-0.12
1926-09-01,-0.13
1926-10-01,-0.08
1926-11-01,-0.06
1926-12-01,-0.21
1927-01-01,-0.27
1927-02-01,-0.20
1927-03-01,-0.33
1927-04-01,-0.26
1927-05-01,-0.21
1927-06-01,-0.20
1927-07-01,-0.16
1927-08-01,-0.14
1927-09-01,-0.09
1927-10-01,-0.02
1927-11-01,-0.06
1927-12-01,-0.25
1928-01-01,-0.05
1928-02-01,-0.11
1928-03-01,-0.23
1928-04-01,-0.24
1928-05-01,-0.18
1928-06-01,-0.29
1928-07-01,-0.16
1928-08-01,-0.19
1928-09-01,-0.16
1928-10-01,-0.18
1928-11-01,-0.11
1928-12-01,-0.14
1929-01-01,-0.42
1929-02-01,-0.49
1929-03-01,-0.32
1929-04-01,-0.36
1929-05-01,-0.32
1929-06-01,-0.34
1929-07-01,-0.29
1929-08-01,-0.24
1929-09-01,-0.23
1929-10-01,-0.14
1929-11-01,-0.12
1929-12-01,-0.45
1930-01-01,-0.29
1930-02-01,-0.26
1930-03-01,-0.08
1930-04-01,-0.19
1930-05-01,-0.16
1930-06-01,-0.12
1930-07-01,-0.12
1930-08-01,-0.11
1930-09-01,-0.10
1930-10-01,-0.05
1930-11-01,0.14
1930-12-01,-0.02
1931-01-01,-0.07
1931-02-01,-0.17
1931-03-01,-0.07
1931-04-01,-0.15
1931-05-01,-0.13
1931-06-01,-0.01
1931-07-01,0.00
1931-08-01,-0.01
1931-09-01,0.00
1931-10-01,0.02
1931-11-01,-0.09
1931-12-01,-0.06
1932-01-01,0.10
1932-02-01,-0.13
1932-03-01,-0.14
1932-04-01,-0.04
1932-05-01,-0.14
1932-06-01,-0.17
1932-07-01,-0.15
1932-08-01,-0.15
1932-09-01,-0.10
1932-10-01,-0.10
1932-11-01,-0.23
1932-12-01,-0.23
1933-01-01,-0.26
1933-02-01,-0.31
1933-03-01,-0.26
1933-04-01,-0.20
1933-05-01,-0.25
1933-06-01,-0.29
1933-07-01,-0.21
1933-08-01,-0.19
1933-09-01,-0.26
1933-10-01,-0.20
1933-11-01,-0.27
1933-12-01,-0.34
1934-01-01,-0.26
1934-02-01,-0.04
1934-03-01,-0.30
1934-04-01,-0.28
1934-05-01,-0.07
1934-06-01,-0.08
1934-07-01,-0.09
1934-08-01,-0.09
1934-09-01,-0.11
1934-10-01,-0.02
1934-11-01,0.08
1934-12-01,-0.01
1935-01-01,-0.30
1935-02-01,0.11
1935-03-01,-0.13
1935-04-01,-0.31
1935-05-01,-0.24
1935-06-01,-0.20
1935-07-01,-0.15
1935-08-01,-0.14
1935-09-01,-0.13
1935-10-01,-0.04
1935-11-01,-0.23
1935-12-01,-0.11
1936-01-01,-0.30
1936-02-01,-0.36
1936-03-01,-0.20
1936-04-01,-0.13
1936-05-01,-0.08
1936-06-01,-0.11
1936-07-01,-0.06
1936-08-01,-0.08
1936-09-01,-0.08
1936-10-01,-0.05
1936-11-01,0.01
1936-12-01,0.00
1937-01-01,-0.09
1937-02-01,0.01
1937-03-01,-0.19
1937-04-01,-0.12
1937-05-01,-0.02
1937-06-01,0.03
1937-07-01,0.01
1937-08-01,0.06
1937-09-01,0.15
1937-10-01,0.11
1937-11-01,0.13
1937-12-01,0.03
1938-01-01,0.07
1938-02-01,0.02
1938-03-01,0.05
1938-04-01,0.07
1938-05-01,-0.03
1938-06-01,-0.09
1938-07-01,-0.06
1938-08-01,-0.03
1938-09-01,0.06
1938-10-01,0.12
1938-11-01,0.07
1938-12-01,-0.07
1939-01-01,-0.09
1939-02-01,-0.10
1939-03-01,-0.16
1939-04-01,-0.04
1939-05-01,-0.02
1939-06-01,-0.02
1939-07-01,-0.02
1939-08-01,0.01
1939-09-01,-0.02
1939-10-01,-0.02
1939-11-01,0.06
1939-12-01,0.46
1940-01-01,0.08
1940-02-01,0.07
1940-03-01,0.13
1940-04-01,0.21
1940-05-01,0.16
1940-06-01,0.12
1940-07-01,0.14
1940-08-01,0.11
1940-09-01,0.17
1940-10-01,0.15
1940-11-01,0.17
1940-12-01,0.33
1941-01-01,0.21
1941-02-01,0.32
1941-03-01,0.11
1941-04-01,0.23
1941-05-01,0.21
1941-06-01,0.16
1941-07-01,0.22
1941-08-01,0.20
1941-09-01,0.08
1941-10-01,0.36
1941-11-01,0.26
1941-12-01,0.25
1942-01-01,0.30
1942-02-01,0.05
1942-03-01,0.08
1942-04-01,0.13
1942-05-01,0.15
1942-06-01,0.10
1942-07-01,0.00
1942-08-01,-0.01
1942-09-01,0.00
1942-10-01,0.03
1942-11-01,0.08
1942-12-01,0.11
1943-01-01,-0.03
1943-02-01,0.11
1943-03-01,-0.02
1943-04-01,0.13
1943-05-01,0.12
1943-06-01,-0.02
1943-07-01,0.06
1943-08-01,0.02
1943-09-01,0.08
1943-10-01,0.25
1943-11-01,0.23
1943-12-01,0.23
1944-01-01,0.30
1944-02-01,0.25
1944-03-01,0.30
1944-04-01,0.20
1944-05-01,0.23
1944-06-01,0.23
1944-07-01,0.20
1944-08-01,0.18
1944-09-01,0.32
1944-10-01,0.29
1944-11-01,0.13
1944-12-01,0.16
1945-01-01,0.17
1945-02-01,0.05
1945-03-01,0.09
1945-04-01,0.25
1945-05-01,0.11
1945-06-01,0.10
1945-07-01,0.11
1945-08-01,0.28
1945-09-01,0.22
1945-10-01,0.17
1945-11-01,0.10
1945-12-01,-0.04
1946-01-01,0.17
1946-02-01,0.00
1946-03-01,0.01
1946-04-01,0.06
1946-05-01,-0.02
1946-06-01,-0.17
1946-07-01,-0.11
1946-08-01,-0.12
1946-09-01,-0.06
1946-10-01,-0.03
1946-11-01,-0.02
1946-12-01,-0.21
1947-01-01,-0.03
1947-02-01,-0.04
1947-03-01,0.05
1947-04-01,0.05
1947-05-01,0.02
1947-06-01,0.04
1947-07-01,-0.02
1947-08-01,-0.09
1947-09-01,-0.12
1947-10-01,0.05
1947-11-01,0.00
1947-12-01,-0.05
1948-01-01,0.02
1948-02-01,-0.08
1948-03-01,-0.21
1948-04-01,-0.04
1948-05-01,0.05
1948-06-01,-0.02
1948-07-01,-0.04
1948-08-01,-0.05
1948-09-01,-0.10
1948-10-01,-0.05
1948-11-01,-0.07
1948-12-01,-0.19
1949-01-01,0.06
1949-02-01,-0.15
1949-03-01,0.04
1949-04-01,-0.06
1949-05-01,-0.04
1949-06-01,-0.16
1949-07-01,-0.09
1949-08-01,-0.05
1949-09-01,-0.10
1949-10-01,-0.04
1949-11-01,-0.03
1949-12-01,-0.10
1950-01-01,-0.20
1950-02-01,-0.26
1950-03-01,-0.08
1950-04-01,-0.16
1950-05-01,-0.02
1950-06-01,-0.02
1950-07-01,-0.09
1950-08-01,-0.09
1950-09-01,-0.07
1950-10-01,-0.15
1950-11-01,-0.26
1950-12-01,-0.12
1951-01-01,-0.31
1951-02-01,-0.37
1951-03-01,-0.16
1951-04-01,-0.10
1951-05-01,0.04
1951-06-01,0.03
1951-07-01,0.10
1951-08-01,0.11
1951-09-01,0.17
1951-10-01,0.13
1951-11-01,0.03
1951-12-01,0.21
1952-01-01,0.14
1952-02-01,0.11
1952-03-01,-0.03
1952-04-01,0.07
1952-05-01,0.08
1952-06-01,0.05
1952-07-01,0.07
1952-08-01,0.06
1952-09-01,0.09
1952-10-01,0.02
1952-11-01,-0.08
1952-12-01,0.05
1953-01-01,0.07
1953-02-01,0.15
1953-03-01,0.15
1953-04-01,0.26
1953-05-01,0.20
1953-06-01,0.21
1953-07-01,0.09
1953-08-01,0.10
1953-09-01,0.07
1953-10-01,0.13
1953-11-01,0.04
1953-12-01,0.07
1954-01-01,-0.20
1954-02-01,-0.06
1954-03-01,-0.14
1954-04-01,-0.08
1954-05-01,-0.12
1954-06-01,-0.06
1954-07-01,-0.09
1954-08-01,-0.05
1954-09-01,-0.01
1954-10-01,-0.01
1954-11-01,0.09
1954-12-01,-0.12
1955-01-01,0.13
1955-02-01,-0.17
1955-03-01,-0.29
1955-04-01,-0.20
1955-05-01,-0.15
1955-06-01,-0.08
1955-07-01,-0.11
1955-08-01,-0.02
1955-09-01,-0.04
1955-10-01,-0.09
1955-11-01,-0.26
1955-12-01,-0.27
1956-01-01,-0.11
1956-02-01,-0.17
1956-03-01,-0.16
1956-04-01,-0.25
1956-05-01,-0.26
1956-06-01,-0.16
1956-07-01,-0.12
1956-08-01,-0.19
1956-09-01,-0.23
1956-10-01,-0.22
1956-11-01,-0.15
1956-12-01,-0.02
1957-01-01,-0.06
1957-02-01,-0.09
1957-03-01,-0.09
1957-04-01,-0.05
1957-05-01,0.06
1957-06-01,0.15
1957-07-01,0.01
1957-08-01,0.26
1957-09-01,0.17
1957-10-01,0.09
1957-11-01,0.08
1957-12-01,0.17
1958-01-01,0.35
1958-02-01,0.26
1958-03-01,0.12
1958-04-01,0.06
1958-05-01,0.10
1958-06-01,-0.03
1958-07-01,0.02
1958-08-01,0.01
1958-09-01,-0.03
1958-10-01,0.04
1958-11-01,0.03
1958-12-01,0.08
1959-01-01,0.07
1959-02-01,0.10
1959-03-01,0.19
1959-04-01,0.17
1959-05-01,0.04
1959-06-01,0.11
1959-07-01,0.08
1959-08-01,0.04
1959-09-01,0.10
1959-10-01,-0.06
1959-11-01,-0.02
1959-12-01,0.02
1960-01-01,0.05
1960-02-01,0.11
1960-03-01,-0.25
1960-04-01,-0.08
1960-05-01,-0.04
1960-06-01,0.08
1960-07-01,0.08
1960-08-01,0.01
1960-09-01,0.13
1960-10-01,0.08
1960-11-01,-0.11
1960-12-01,0.26
1961-01-01,0.14
1961-02-01,0.18
1961-03-01,0.10
1961-04-01,0.21
1961-05-01,0.04
1961-06-01,0.10
1961-07-01,0.05
1961-08-01,0.05
1961-09-01,0.08
1961-10-01,-0.11
1961-11-01,0.04
1961-12-01,-0.09
1962-01-01,0.08
1962-02-01,0.11
1962-03-01,0.16
1962-04-01,0.00
1962-05-01,0.02
1962-06-01,-0.06
1962-07-01,0.10
1962-08-01,0.07
1962-09-01,-0.04
1962-10-01,0.03
1962-11-01,0.11
1962-12-01,0.06
1963-01-01,0.02
1963-02-01,0.22
1963-03-01,-0.13
1963-04-01,0.01
1963-05-01,-0.02
1963-06-01,0.10
1963-07-01,0.04
1963-08-01,0.18
1963-09-01,0.13
1963-10-01,0.21
1963-11-01,0.19
1963-12-01,0.05
1964-01-01,-0.08
1964-02-01,-0.10
1964-03-01,-0.15
1964-04-01,-0.23
1964-05-01,-0.15
1964-06-01,-0.04
1964-07-01,0.00
1964-08-01,-0.18
1964-09-01,-0.14
1964-10-01,-0.26
1964-11-01,-0.20
1964-12-01,-0.23
1965-01-01,-0.08
1965-02-01,-0.15
1965-03-01,-0.11
1965-04-01,-0.11
1965-05-01,-0.19
1965-06-01,-0.07
1965-07-01,0.00
1965-08-01,0.02
1965-09-01,-0.06
1965-10-01,0.01
1965-11-01,0.03
1965-12-01,-0.02
1966-01-01,-0.14
1966-02-01,-0.04
1966-03-01,-0.02
1966-04-01,-0.07
1966-05-01,-0.10
1966-06-01,0.11
1966-07-01,0.09
1966-08-01,-0.02
1966-09-01,0.06
1966-10-01,-0.14
1966-11-01,0.01
1966-12-01,0.01
1967-01-01,-0.10
1967-02-01,-0.15
1967-03-01,0.05
1967-04-01,0.00
1967-05-01,0.22
1967-06-01,0.03
1967-07-01,-0.02
1967-08-01,0.09
1967-09-01,-0.04
1967-10-01,0.12
1967-11-01,-0.03
1967-12-01,0.04
1968-01-01,-0.18
1968-02-01,-0.09
1968-03-01,0.18
1968-04-01,-0.04
1968-05-01,-0.16
1968-06-01,-0.13
1968-07-01,-0.05
1968-08-01,-0.02
1968-09-01,-0.11
1968-10-01,0.04
1968-11-01,-0.05
1968-12-01,-0.07
1969-01-01,-0.08
1969-02-01,-0.11
1969-03-01,0.09
1969-04-01,0.11
1969-05-01,0.18
1969-06-01,0.01
1969-07-01,0.11
1969-08-01,0.10
1969-09-01,0.15
1969-10-01,0.10
1969-11-01,0.16
1969-12-01,0.33
1970-01-01,0.15
1970-02-01,0.21
1970-03-01,0.07
1970-04-01,0.09
1970-05-01,0.05
1970-06-01,0.05
1970-07-01,0.03
1970-08-01,0.03
1970-09-01,0.06
1970-10-01,-0.03
1970-11-01,0.04
1970-12-01,-0.10
1971-01-01,-0.01
1971-02-01,-0.15
1971-03-01,-0.08
1971-04-01,-0.09
1971-05-01,-0.03
1971-06-01,-0.06
1971-07-01,0.00
1971-08-01,-0.02
1971-09-01,0.01
1971-10-01,-0.07
1971-11-01,-0.05
1971-12-01,-0.05
1972-01-01,-0.24
1972-02-01,-0.16
1972-03-01,0.06
1972-04-01,0.05
1972-05-01,0.01
1972-06-01,0.08
1972-07-01,0.07
1972-08-01,0.09
1972-09-01,0.04
1972-10-01,0.12
1972-11-01,0.06
1972-12-01,0.14
1973-01-01,0.35
1973-02-01,0.38
1973-03-01,0.35
1973-04-01,0.29
1973-05-01,0.24
1973-06-01,0.25
1973-07-01,0.16
1973-08-01,0.14
1973-09-01,0.11
1973-10-01,0.06
1973-11-01,0.02
1973-12-01,0.05
1974-01-01,-0.08
1974-02-01,-0.24
1974-03-01,-0.01
1974-04-01,-0.05
1974-05-01,-0.02
1974-06-01,-0.05
1974-07-01,0.04
1974-08-01,0.05
1974-09-01,-0.02
1974-10-01,-0.06
1974-11-01,-0.09
1974-12-01,-0.06
1975-01-01,0.06
1975-02-01,0.08
1975-03-01,0.12
1975-04-01,0.11
1975-05-01,0.08
1975-06-01,0.06
1975-07-01,0.04
1975-08-01,-0.02
1975-09-01,0.04
1975-10-01,-0.12
1975-11-01,-0.17
1975-12-01,-0.09
1976-01-01,-0.01
1976-02-01,-0.08
1976-03-01,-0.13
1976-04-01,0.04
1976-05-01,-0.11
1976-06-01,-0.04
1976-07-01,-0.03
1976-08-01,0.01
1976-09-01,0.03
1976-10-01,-0.16
1976-11-01,-0.03
1976-12-01,0.12
1977-01-01,0.20
1977-02-01,0.22
1977-03-01,0.25
1977-04-01,0.28
1977-05-01,0.28
1977-06-01,0.26
1977-07-01,0.19
1977-08-01,0.16
1977-09-01,0.21
1977-10-01,0.12
1977-11-01,0.23
1977-12-01,0.11
1978-01-01,0.15
1978-02-01,0.15
1978-03-01,0.23
1978-04-01,0.14
1978-05-01,0.10
1978-06-01,0.05
1978-07-01,0.06
1978-08-01,0.01
1978-09-01,0.10
1978-10-01,0.07
1978-11-01,0.21
1978-12-01,0.12
1979-01-01,0.14
1979-02-01,-0.06
1979-03-01,0.20
1979-04-01,0.10
1979-05-01,0.18
1979-06-01,0.23
1979-07-01,0.23
1979-08-01,0.26
1979-09-01,0.28
1979-10-01,0.31
1979-11-01,0.31
1979-12-01,0.50
1980-01-01,0.35
1980-02-01,0.43
1980-03-01,0.32
1980-04-01,0.33
1980-05-01,0.38
1980-06-01,0.29
1980-07-01,0.28
1980-08-01,0.22
1980-09-01,0.21
1980-10-01,0.20
1980-11-01,0.27
1980-12-01,0.23
1981-01-01,0.55
1981-02-01,0.43
1981-03-01,0.45
1981-04-01,0.38
1981-05-01,0.31
1981-06-01,0.34
1981-07-01,0.27
1981-08-01,0.27
1981-09-01,0.23
1981-10-01,0.25
1981-11-01,0.32
1981-12-01,0.45
1982-01-01,0.12
1982-02-01,0.21
1982-03-01,0.12
1982-04-01,0.22
1982-05-01,0.18
1982-06-01,0.16
1982-07-01,0.19
1982-08-01,0.15
1982-09-01,0.23
1982-10-01,0.18
1982-11-01,0.13
1982-12-01,0.41
1983-01-01,0.51
1983-02-01,0.46
1983-03-01,0.44
1983-04-01,0.25
1983-05-01,0.29
1983-06-01,0.31
1983-07-01,0.31
1983-08-01,0.36
1983-09-01,0.35
1983-10-01,0.23
1983-11-01,0.38
1983-12-01,0.27
1984-01-01,0.31
1984-02-01,0.22
1984-03-01,0.28
1984-04-01,0.13
1984-05-01,0.32
1984-06-01,0.17
1984-07-01,0.16
1984-08-01,0.19
1984-09-01,0.20
1984-10-01,0.20
1984-11-01,0.11
1984-12-01,0.06
1985-01-01,0.29
1985-02-01,0.08
1985-03-01,0.25
1985-04-01,0.12
1985-05-01,0.22
1985-06-01,0.16
1985-07-01,0.10
1985-08-01,0.16
1985-09-01,0.16
1985-10-01,0.16
1985-11-01,0.14
1985-12-01,0.17
1986-01-01,0.23
1986-02-01,0.38
1986-03-01,0.33
1986-04-01,0.27
1986-05-01,0.35
1986-06-01,0.22
1986-07-01,0.13
1986-08-01,0.15
1986-09-01,0.03
1986-10-01,0.19
1986-11-01,0.13
1986-12-01,0.17
1987-01-01,0.30
1987-02-01,0.36
1987-03-01,0.15
1987-04-01,0.21
1987-05-01,0.33
1987-06-01,0.40
1987-07-01,0.46
1987-08-01,0.34
1987-09-01,0.39
1987-10-01,0.35
1987-11-01,0.26
1987-12-01,0.48
1988-01-01,0.54
1988-02-01,0.46
1988-03-01,0.46
1988-04-01,0.46
1988-05-01,0.48
1988-06-01,0.41
1988-07-01,0.38
1988-08-01,0.51
1988-09-01,0.41
1988-10-01,0.40
1988-11-01,0.16
1988-12-01,0.32
1989-01-01,0.12
1989-02-01,0.33
1989-03-01,0.36
1989-04-01,0.40
1989-05-01,0.24
1989-06-01,0.10
1989-07-01,0.33
1989-08-01,0.32
1989-09-01,0.40
1989-10-01,0.35
1989-11-01,0.19
1989-12-01,0.40
1990-01-01,0.40
1990-02-01,0.38
1990-03-01,0.78
1990-04-01,0.61
1990-05-01,0.51
1990-06-01,0.42
1990-07-01,0.36
1990-08-01,0.38
1990-09-01,0.30
1990-10-01,0.41
1990-11-01,0.42
1990-12-01,0.41
1991-01-01,0.42
1991-02-01,0.52
1991-03-01,0.38
1991-04-01,0.59
1991-05-01,0.44
1991-06-01,0.56
1991-07-01,0.41
1991-08-01,0.37
1991-09-01,0.39
1991-10-01,0.33
1991-11-01,0.31
1991-12-01,0.33
1992-01-01,0.44
1992-02-01,0.42
1992-03-01,0.46
1992-04-01,0.24
1992-05-01,0.37
1992-06-01,0.28
1992-07-01,0.13
1992-08-01,0.12
1992-09-01,0.06
1992-10-01,0.02
1992-11-01,0.06
1992-12-01,0.22
1993-01-01,0.34
1993-02-01,0.39
1993-03-01,0.38
1993-04-01,0.36
1993-05-01,0.31
1993-06-01,0.32
1993-07-01,0.31
1993-08-01,0.11
1993-09-01,0.21
1993-10-01,0.22
1993-11-01,0.10
1993-12-01,0.18
1994-01-01,0.22
1994-02-01,0.07
1994-03-01,0.30
1994-04-01,0.41
1994-05-01,0.32
1994-06-01,0.44
1994-07-01,0.32
1994-08-01,0.27
1994-09-01,0.27
1994-10-01,0.45
1994-11-01,0.43
1994-12-01,0.40
1995-01-01,0.55
1995-02-01,0.77
1995-03-01,0.49
1995-04-01,0.51
1995-05-01,0.33
1995-06-01,0.50
1995-07-01,0.45
1995-08-01,0.50
1995-09-01,0.44
1995-10-01,0.44
1995-11-01,0.48
1995-12-01,0.32
1996-01-01,0.28
1996-02-01,0.49
1996-03-01,0.37
1996-04-01,0.37
1996-05-01,0.34
1996-06-01,0.37
1996-07-01,0.35
1996-08-01,0.44
1996-09-01,0.27
1996-10-01,0.21
1996-11-01,0.44
1996-12-01,0.38
1997-01-01,0.30
1997-02-01,0.40
1997-03-01,0.52
1997-04-01,0.40
1997-05-01,0.41
1997-06-01,0.57
1997-07-01,0.42
1997-08-01,0.46
1997-09-01,0.60
1997-10-01,0.68
1997-11-01,0.65
1997-12-01,0.59
1998-01-01,0.58
1998-02-01,0.83
1998-03-01,0.68
1998-04-01,0.71
1998-05-01,0.69
1998-06-01,0.76
1998-07-01,0.69
1998-08-01,0.69
1998-09-01,0.48
1998-10-01,0.44
1998-11-01,0.44
1998-12-01,0.59
1999-01-01,0.49
1999-02-01,0.63
1999-03-01,0.39
1999-04-01,0.37
1999-05-01,0.33
1999-06-01,0.38
1999-07-01,0.41
1999-08-01,0.34
1999-09-01,0.47
1999-10-01,0.37
1999-11-01,0.39
1999-12-01,0.49
2000-01-01,0.34
2000-02-01,0.57
2000-03-01,0.59
2000-04-01,0.62
2000-05-01,0.39
2000-06-01,0.37
2000-07-01,0.41
2000-08-01,0.47
2000-09-01,0.44
2000-10-01,0.34
2000-11-01,0.33
2000-12-01,0.30
2001-01-01,0.44
2001-02-01,0.46
2001-03-01,0.57
2001-04-01,0.56
2001-05-01,0.58
2001-06-01,0.55
2001-07-01,0.63
2001-08-01,0.48
2001-09-01,0.57
2001-10-01,0.47
2001-11-01,0.71
2001-12-01,0.63
2002-01-01,0.68
2002-02-01,0.70
2002-03-01,0.86
2002-04-01,0.56
2002-05-01,0.67
2002-06-01,0.54
2002-07-01,0.59
2002-08-01,0.52
2002-09-01,0.66
2002-10-01,0.57
2002-11-01,0.63
2002-12-01,0.51
2003-01-01,0.71
2003-02-01,0.57
2003-03-01,0.61
2003-04-01,0.60
2003-05-01,0.64
2003-06-01,0.53
2003-07-01,0.60
2003-08-01,0.59
2003-09-01,0.66
2003-10-01,0.77
2003-11-01,0.57
2003-12-01,0.76
2004-01-01,0.58
2004-02-01,0.67
2004-03-01,0.66
2004-04-01,0.65
2004-05-01,0.42
2004-06-01,0.47
2004-07-01,0.32
2004-08-01,0.44
2004-09-01,0.52
2004-10-01,0.61
2004-11-01,0.72
2004-12-01,0.50
2005-01-01,0.74
2005-02-01,0.62
2005-03-01,0.76
2005-04-01,0.70
2005-05-01,0.70
2005-06-01,0.67
2005-07-01,0.66
2005-08-01,0.59
2005-09-01,0.73
2005-10-01,0.75
2005-11-01,0.78
2005-12-01,0.74
2006-01-01,0.63
2006-02-01,0.81
2006-03-01,0.67
2006-04-01,0.52
2006-05-01,0.52
2006-06-01,0.66
2006-07-01,0.56
2006-08-01,0.73
2006-09-01,0.69
2006-10-01,0.68
2006-11-01,0.72
2006-12-01,0.78
2007-01-01,0.93
2007-02-01,0.73
2007-03-01,0.69
2007-04-01,0.81
2007-05-01,0.65
2007-06-01,0.57
2007-07-01,0.59
2007-08-01,0.58
2007-09-01,0.61
2007-10-01,0.60
2007-11-01,0.58
2007-12-01,0.52
2008-01-01,0.29
2008-02-01,0.35
2008-03-01,0.74
2008-04-01,0.52
2008-05-01,0.52
2008-06-01,0.52
2008-07-01,0.56
2008-08-01,0.48
2008-09-01,0.62
2008-10-01,0.69
2008-11-01,0.71
2008-12-01,0.57
2009-01-01,0.66
2009-02-01,0.52
2009-03-01,0.54
2009-04-01,0.59
2009-05-01,0.61
2009-06-01,0.63
2009-07-01,0.72
2009-08-01,0.71
2009-09-01,0.73
2009-10-01,0.69
2009-11-01,0.82
2009-12-01,0.70
2010-01-01,0.74
2010-02-01,0.83
2010-03-01,0.90
2010-04-01,0.89
2010-05-01,0.78
2010-06-01,0.70
2010-07-01,0.66
2010-08-01,0.66
2010-09-01,0.62
2010-10-01,0.67
2010-11-01,0.79
2010-12-01,0.52
2011-01-01,0.55
2011-02-01,0.51
2011-03-01,0.67
2011-04-01,0.65
2011-05-01,0.55
2011-06-01,0.63
2011-07-01,0.72
2011-08-01,0.70
2011-09-01,0.60
2011-10-01,0.71
2011-11-01,0.60
2011-12-01,0.61
2012-01-01,0.48
2012-02-01,0.54
2012-03-01,0.55
2012-04-01,0.75
2012-05-01,0.76
2012-06-01,0.67
2012-07-01,0.64
2012-08-01,0.65
2012-09-01,0.76
2012-10-01,0.79
2012-11-01,0.80
2012-12-01,0.55
2013-01-01,0.70
2013-02-01,0.62
2013-03-01,0.68
2013-04-01,0.57
2013-05-01,0.67
2013-06-01,0.67
2013-07-01,0.61
2013-08-01,0.70
2013-09-01,0.77
2013-10-01,0.68
2013-11-01,0.81
2013-12-01,0.72
2014-01-01,0.74
2014-02-01,0.57
2014-03-01,0.82
2014-04-01,0.85
2014-05-01,0.87
2014-06-01,0.72
2014-07-01,0.62
2014-08-01,0.83
2014-09-01,0.87
2014-10-01,0.82
2014-11-01,0.68
2014-12-01,0.79
2015-01-01,0.82
2015-02-01,0.90
2015-03-01,0.97
2015-04-01,0.81
2015-05-01,0.83
2015-06-01,0.87
2015-07-01,0.77
2015-08-01,0.83
2015-09-01,0.91
2015-10-01,1.10
2015-11-01,1.06
2015-12-01,1.13
2016-01-01,1.23
2016-02-01,1.34
2016-03-01,1.35
2016-04-01,1.15
2016-05-01,1.00
2016-06-01,0.84
2016-07-01,0.86
2016-08-01,0.97
2016-09-01,0.92
2016-10-01,0.88
2016-11-01,0.94
2016-12-01,0.91
2017-01-01,1.06
2017-02-01,1.12
2017-03-01,1.18
2017-04-01,0.99
2017-05-01,0.92
2017-06-01,0.77
2017-07-01,0.83
2017-08-01,0.89
2017-09-01,0.83
2017-10-01,0.92
2017-11-01,0.91
2017-12-01,0.99
2018-01-01,0.83
2018-02-01,0.90
2018-03-01,0.93
2018-04-01,0.90
2018-05-01,0.81
2018-06-01,0.76
2018-07-01,0.80
2018-08-01,0.76
2018-09-01,0.82
2018-10-01,1.05
2018-11-01,0.84
2018-12-01,0.94
2019-01-01,0.92
2019-02-01,0.92
2019-03-01,1.16
2019-04-01,1.03
2019-05-01,0.91
2019-06-01,0.91
2019-07-01,0.92
2019-08-01,0.92
2019-09-01,0.97
2019-10-01,1.01
2019-11-01,0.99
2019-12-01,1.10
2020-01-01,1.14
2020-02-01,1.20
2020-03-01,1.16
2020-04-01,1.14
2020-05-01,1.00
2020-06-01,0.93
2020-07-01,0.91
2020-08-01,0.90
2020-09-01,0.98
2020-10-01,0.91
2020-11-01,1.05
2020-12-01,0.84
2021-01-01,0.84
2021-02-01,0.66
2021-03-01,0.88
2021-04-01,0.80
2021-05-01,0.81
2021-06-01,0.86
2021-07-01,0.93
2021-08-01,0.84
2021-09-01,0.92
2021-10-01,0.99
2021-11-01,0.95
2021-12-01,0.87
2022-01-01,0.93
2022-02-01,0.92
2022-03-01,1.11
2022-04-01,0.90
2022-05-01,0.86
2022-06-01,0.89
2022-07-01,0.89
2022-08-01,0.93
2022-09-01,0.90
2022-10-01,0.97
2022-11-01,0.75
2022-12-01,0.84
2023-01-01,0.89
2023-02-01,1.01
2023-03-01,1.23
2023-04-01,0.98
2023-05-01,0.96
2023-06-01,1.07
2023-07-01,1.13
2023-08-01,1.23
2023-09-01,1.44
2023-10-01,1.36
2023-11-01,1.45
2023-12-01,1.43
